Employee Name,State,Zip,DOB,Age,Sex,MaritalDesc,CitizenDesc,Hispanic/Latino,RaceDesc,Date of Hire,Date of Termination,Reason For Term,Department,Position,Pay,Manager,Source,Performance,Employee Number,Employment Status,Active Status
"Brown, Mia",MA,1450,24/11/1985 00:00,32,Female,Married,US Citizen,No,Black or African American,27/10/2008 00:00,,N/A - still employed,Admin Offices,Accountant I,28.5,Brandon R. LeBlanc,Diversity Job Fair,Fully Meets,1103024456,Active,TRUE
"LaRotonda, William",MA,1460,26/04/1984 00:00,33,Male,Divorced,US Citizen,No,Black or African American,06/01/2014 00:00,,N/A - still employed,Admin Offices,Accountant I,23,Brandon R. LeBlanc,Website Banner Ads,Fully Meets,1106026572,Active,TRUE
"Steans, Tyrone",MA,2703,01/09/1986 00:00,31,Male,Single,US Citizen,No,White,29/09/2014 00:00,,N/A - still employed,Admin Offices,Accountant I,29,Brandon R. LeBlanc,Internet Search,Fully Meets,1302053333,Active,TRUE
"Howard, Estelle",MA,2170,16/09/1985 00:00,32,Female,Married,US Citizen,No,White,16/02/2015 00:00,,N/A - still employed,Admin Offices,Administrative Assistant,21.5,Brandon R. LeBlanc,Pay Per Click - Google,N/A- too early to review,1211050782,Active,TRUE
"Singh, Nan",MA,2330,19/05/1988 00:00,29,Female,Single,US Citizen,No,White,01/05/2015 00:00,,N/A - still employed,Admin Offices,Administrative Assistant,16.6,Brandon R. LeBlanc,Website Banner Ads,N/A- too early to review,1307059817,Active,TRUE
"Smith, Leigh Ann",MA,1844,14/06/1987 00:00,30,Female,Married,US Citizen,No,Asian,26/09/2011 00:00,9/25/2013,career change,Admin Offices,Administrative Assistant,20.5,Brandon R. LeBlanc,Diversity Job Fair,Fully Meets,711007713,Voluntarily Terminated,FALSE
"LeBlanc, Brandon  R",MA,1460,10/06/1984 00:00,33,Male,Married,US Citizen,No,White,05/01/2016 00:00,,N/A - still employed,Admin Offices,Shared Services Manager,55,Janet King,Monster.com,Fully Meets,1102024115,Active,TRUE
"Quinn, Sean",MA,2045,06/11/1984 00:00,33,Male,Married,Eligible NonCitizen,No,Black or African American,21/02/2011 00:00,8/15/2015,career change,Admin Offices,Shared Services Manager,55,Janet King,Diversity Job Fair,Fully Meets,1206043417,Voluntarily Terminated,FALSE
"Boutwell, Bonalyn",MA,2468,04/04/1987 00:00,30,Female,Married,US Citizen,No,Asian,16/02/2015 00:00,,N/A - still employed,Admin Offices,Sr. Accountant,35,Brandon R. LeBlanc,Diversity Job Fair,90-day meets,1307060188,Active,TRUE
"Foster-Baker, Amy",MA,2050,16/04/1979 00:00,38,Female,Married,US Citizen,No,White,05/01/2009 00:00,,N/A - still employed,Admin Offices,Sr. Accountant,35,Board of Directors,Other,Fully Meets,1201031308,Active,TRUE
"King, Janet",MA,1902,21/09/1954 00:00,63,Female,Married,US Citizen,Yes,White,02/07/2012 00:00,,N/A - still employed,Executive Office,President & CEO,80,Board of Directors,Pay Per Click - Google,Fully Meets,1001495124,Active,TRUE
"Zamora, Jennifer",MA,2067,30/08/1979 00:00,38,Female,Single,US Citizen,No,White,10/04/2010 00:00,,N/A - still employed,IT/IS,CIO,65,Janet King,Employee Referral,Exceptional,1112030816,Active,TRUE
"Becker, Renee",MA,2026,04/04/1986 00:00,31,Female,Single,US Citizen,Yes,White,07/07/2014 00:00,09/12/2015,performance,IT/IS,Database Administrator,43,Simon Roup,Search Engine - Google Bing Yahoo,Fully Meets,1102024056,Terminated for Cause,FALSE
"Goble, Taisha",MA,2127,23/10/1971 00:00,46,Female,Single,US Citizen,No,White,16/02/2015 00:00,3/15/2015,"no-call, no-show",IT/IS,Database Administrator,48.5,Simon Roup,Glassdoor,Fully Meets,905013738,Terminated for Cause,FALSE
"Hernandez, Daniff",MA,1960,07/08/1986 00:00,31,Male,Married,US Citizen,No,Black or African American,16/02/2015 00:00,2/22/2015,"no-call, no-show",IT/IS,Database Administrator,40.1,Simon Roup,Employee Referral,N/A- too early to review,1410071156,Terminated for Cause,FALSE
"Horton, Jayne",MA,2493,21/02/1984 00:00,33,Female,Single,US Citizen,No,White,30/03/2015 00:00,,N/A - still employed,IT/IS,Database Administrator,34,Simon Roup,Glassdoor,N/A- too early to review,1105025718,Active,TRUE
"Johnson, Noelle",MA,2301,07/11/1986 00:00,31,Female,Married,US Citizen,No,Asian,05/01/2015 00:00,,N/A - still employed,IT/IS,Database Administrator,40,Simon Roup,Glassdoor,90-day meets,1003018246,Leave of Absence,TRUE
"Murray, Thomas",TX,78230,04/07/1988 00:00,29,Male,Divorced,US Citizen,No,Black or African American,10/11/2014 00:00,,N/A - still employed,IT/IS,Database Administrator,35.5,Simon Roup,Diversity Job Fair,Exceptional,1406068403,Active,TRUE
"Pearson, Randall",MA,2747,05/09/1984 00:00,33,Male,Married,US Citizen,No,White,01/12/2014 00:00,05/01/2016,performance,IT/IS,Database Administrator,41,Simon Roup,Employee Referral,Fully Meets,1102023965,Voluntarily Terminated,FALSE
"Petrowsky, Thelma",MA,1886,16/09/1984 00:00,33,Female,Married,US Citizen,No,Asian,10/11/2014 00:00,,N/A - still employed,IT/IS,Database Administrator,42.8,Simon Roup,Employee Referral,Exceptional,1108027853,Active,TRUE
"Roby, Lori",MA,1886,11/10/1981 00:00,36,Female,Married,US Citizen,No,White,16/02/2015 00:00,,N/A - still employed,IT/IS,Database Administrator,39.6,Simon Roup,Employee Referral,Fully Meets,1407068885,Active,TRUE
"Rogers, Ivan",MA,1810,26/08/1986 00:00,31,Male,Married,US Citizen,No,White,30/03/2015 00:00,,N/A - still employed,IT/IS,Database Administrator,42.2,Simon Roup,Pay Per Click - Google,N/A- too early to review,1203032255,Active,TRUE
"Salter, Jason",MA,2452,17/12/1987 00:00,30,Male,Divorced,US Citizen,No,Black or African American,05/01/2015 00:00,10/31/2015,hours,IT/IS,Database Administrator,45,Simon Roup,Vendor Referral,90-day meets,1111030148,Voluntarily Terminated,FALSE
"Simard, Kramer",MA,2110,08/02/1970 00:00,47,Male,Married,US Citizen,Yes,White,05/01/2015 00:00,,N/A - still employed,IT/IS,Database Administrator,30.2,Simon Roup,Employee Referral,90-day meets,808010278,Active,TRUE
"Zhou, Julia",MA,2148,24/02/1979 00:00,38,Female,Single,US Citizen,No,White,30/03/2015 00:00,,N/A - still employed,IT/IS,Database Administrator,31.4,Simon Roup,Employee Referral,90-day meets,1110029732,Active,TRUE
"Foss, Jason",MA,1460,05/07/1980 00:00,37,Male,Single,US Citizen,No,Black or African American,15/04/2011 00:00,,N/A - still employed,IT/IS,IT Director,65,Jennifer Zamora,Professional Society,Exceptional,1192991000,Active,TRUE
"Roup,Simon",MA,2481,05/04/1973 00:00,44,Male,Single,US Citizen,No,White,20/01/2013 00:00,,N/A - still employed,IT/IS,IT Manager - DB,62,Jennifer Zamora,Professional Society,Fully Meets,1106026933,Active,TRUE
"Ruiz, Ricardo",MA,1915,04/01/1964 00:00,54,Male,Divorced,US Citizen,No,Two or more races,09/01/2012 00:00,11/04/2015,hours,IT/IS,IT Manager - DB,21,Jennifer Zamora,Diversity Job Fair,Fully Meets,1001175250,Voluntarily Terminated,FALSE
"Monroe, Peter",MA,2134,05/10/1986 00:00,31,Male,Married,Eligible NonCitizen,Yes,Hispanic,15/02/2012 00:00,,N/A - still employed,IT/IS,IT Manager - Infra,63,Jennifer Zamora,Diversity Job Fair,Needs Improvement,1011022863,Active,TRUE
"Dougall, Eric",MA,1886,09/07/1970 00:00,47,Male,Single,US Citizen,No,White,05/01/2014 00:00,,N/A - still employed,IT/IS,IT Manager - Support,64,Jennifer Zamora,Professional Society,Exceeds,1101023754,Active,TRUE
"Clayton, Rick",MA,2170,05/09/1985 00:00,32,Male,Single,US Citizen,No,White,05/09/2012 00:00,,N/A - still employed,IT/IS,IT Support,29,Eric Dougall,Glassdoor,Fully Meets,1301052902,Active,TRUE
"Galia, Lisa",CT,6040,06/07/1968 00:00,49,Female,Single,US Citizen,No,White,01/05/2010 00:00,,N/A - still employed,IT/IS,IT Support,31.4,Eric Dougall,Vendor Referral,Fully Meets,1501072093,Active,TRUE
"Lindsay, Leonara",CT,6070,05/10/1988 00:00,29,Female,Single,US Citizen,Yes,Two or more races,21/01/2011 00:00,,N/A - still employed,IT/IS,IT Support,26,Eric Dougall,Diversity Job Fair,Exceeds,602000312,Active,TRUE
"Soto, Julia",MA,2360,12/03/1973 00:00,44,Female,Married,US Citizen,No,Black or African American,10/06/2011 00:00,,N/A - still employed,IT/IS,IT Support,27.5,Eric Dougall,Information Session,Fully Meets,1203032263,Active,TRUE
"Bacong, Alejandro",MA,1886,07/01/1988 00:00,30,Male,Divorced,US Citizen,No,White,05/01/2015 00:00,,N/A - still employed,IT/IS,Network Engineer,45,Peter Monroe,Glassdoor,90-day meets,1212052023,Active,TRUE
"Cisco, Anthony",MA,2135,24/11/1989 00:00,28,Male,Married,US Citizen,Yes,White,30/03/2015 00:00,,N/A - still employed,IT/IS,Network Engineer,42,Peter Monroe,Information Session,N/A- too early to review,1102024173,Active,TRUE
"Dolan, Linda",MA,2119,18/07/1988 00:00,29,Female,Married,US Citizen,No,White,05/01/2015 00:00,,N/A - still employed,IT/IS,Network Engineer,37,Peter Monroe,Employee Referral,90-day meets,1101023540,Active,TRUE
"Gonzalez, Maria",MA,2472,16/04/1981 00:00,36,Female,Separated,US Citizen,Yes,White,05/01/2015 00:00,,N/A - still employed,IT/IS,Network Engineer,39,Peter Monroe,Employee Referral,Fully Meets,1988299991,Active,TRUE
"Merlos, Carlos",MA,2138,18/06/1987 00:00,30,Male,Single,US Citizen,No,White,30/03/2015 00:00,,N/A - still employed,IT/IS,Network Engineer,43,Peter Monroe,Vendor Referral,N/A- too early to review,1012023013,Active,TRUE
"Morway, Tanya",MA,2048,04/04/1979 00:00,38,Female,Married,US Citizen,No,White,16/02/2015 00:00,,N/A - still employed,IT/IS,Network Engineer,27,Peter Monroe,Monster.com,Fully Meets,1001956578,Active,TRUE
"Shepard, Anita",MA,1773,14/04/1981 00:00,36,Female,Married,US Citizen,No,White,30/09/2014 00:00,,N/A - still employed,IT/IS,Network Engineer,47,Peter Monroe,Vendor Referral,Fully Meets,906014183,Active,TRUE
"Tredinnick, Neville",MA,1420,05/05/1988 00:00,29,Male,Married,US Citizen,No,White,05/01/2015 00:00,05/12/2015,medical issues,IT/IS,Network Engineer,28,Peter Monroe,Monster.com,Fully Meets,1104025466,Voluntarily Terminated,FALSE
"Turpin, Jumil",MA,2343,31/03/1969 00:00,48,Male,Married,Eligible NonCitizen,No,White,30/03/2015 00:00,,N/A - still employed,IT/IS,Network Engineer,49.1,Peter Monroe,Employee Referral,N/A- too early to review,1411071506,Active,TRUE
"Ait Sidi, Karthikeyan",MA,2148,05/05/1975 00:00,42,Male,Married,US Citizen,No,White,30/03/2015 00:00,6/16/2016,career change,IT/IS,Sr. DBA,62,Simon Roup,Company Intranet - Partner,Fully Meets,1307060199,Voluntarily Terminated,FALSE
"Carr, Claudia  N",MA,1886,06/06/1986 00:00,31,Female,Single,US Citizen,No,Black or African American,30/06/2016 00:00,,N/A - Has not started yet,IT/IS,Sr. DBA,61.3,Simon Roup,Vendor Referral,N/A- too early to review,1010022337,Future Start,TRUE
"Favis, Donald",CT,6033,30/07/1964 00:00,53,Male,Single,US Citizen,No,Black or African American,17/02/2014 00:00,2/19/2016,hours,IT/IS,Sr. DBA,58.2,Simon Roup,Vendor Referral,Fully Meets,1412071562,Terminated for Cause,FALSE
"Roehrich, Bianca",MA,2703,27/05/1973 00:00,44,Female,Single,US Citizen,Yes,White,05/01/2015 00:00,11/10/2015,Another position,IT/IS,Sr. DBA,58.5,Simon Roup,Vendor Referral,90-day meets,1111030266,Voluntarily Terminated,FALSE
"Daniele, Ann",CT,6033,18/01/1952 00:00,66,Female,Married,US Citizen,No,White,10/11/2014 00:00,,N/A - still employed,IT/IS,Sr. Network Engineer,54.1,Peter Monroe,Vendor Referral,Fully Meets,1411071312,Leave of Absence,TRUE
"Lajiri,  Jyoti",MA,2169,23/04/1986 00:00,31,Male,Married,US Citizen,No,White,10/11/2014 00:00,,N/A - still employed,IT/IS,Sr. Network Engineer,56.2,Peter Monroe,Employee Referral,Fully Meets,1108028108,Leave of Absence,TRUE
"Semizoglou, Jeremiah",MA,1545,09/02/1983 00:00,34,Male,Married,US Citizen,No,Asian,30/06/2016 00:00,,N/A - Has not started yet,IT/IS,Sr. Network Engineer,53.8,Peter Monroe,On-campus Recruiting,N/A- too early to review,904013591,Future Start,TRUE
"South, Joe",CT,6278,09/09/1965 00:00,52,Male,Single,US Citizen,No,White,10/11/2014 00:00,,N/A - still employed,IT/IS,Sr. Network Engineer,53,Peter Monroe,Employee Referral,90-day meets,1308060959,Active,TRUE
"Warfield, Sarah",MA,2453,02/05/1978 00:00,39,Female,widowed,US Citizen,No,Asian,30/03/2015 00:00,,N/A - still employed,IT/IS,Sr. Network Engineer,55.2,Peter Monroe,Employee Referral,N/A- too early to review,1301052347,Active,TRUE
"Bramante, Elisa",MA,2030,19/03/1983 00:00,34,Female,Single,US Citizen,No,Black or African American,05/01/2009 00:00,,N/A - still employed,Production       ,Director of Operations,60,Janet King,Other,Exceeds,1006020066,Active,TRUE
"Albert, Michael",MA,2169,10/10/1968 00:00,49,Male,Divorced,US Citizen,No,White,01/08/2011 00:00,,N/A - still employed,Production       ,Production Manager,54.5,Janet King,Employee Referral,Fully Meets,1501072311,Active,TRUE
"Bozzi, Charles",MA,1901,10/03/1970 00:00,47,Male,Single,US Citizen,No,Asian,30/09/2013 00:00,08/07/2014,retiring,Production       ,Production Manager,50.5,Janet King,Billboard,Fully Meets,1303054580,Voluntarily Terminated,FALSE
"Butler, Webster  L",MA,2169,09/08/1983 00:00,34,Male,Single,US Citizen,No,White,28/01/2016 00:00,,N/A - still employed,Production       ,Production Manager,55,Janet King,Pay Per Click - Google,Exceeds,1110029990,Active,TRUE
"Dunn, Amy",MA,1731,28/11/1973 00:00,44,Female,Single,US Citizen,No,White,18/09/2014 00:00,,N/A - still employed,Production       ,Production Manager,51,Janet King,Search Engine - Google Bing Yahoo,Fully Meets,1409070147,Active,TRUE
"Gray, Elijiah",MA,1752,11/07/1981 00:00,36,Male,Divorced,US Citizen,No,White,02/06/2015 00:00,,N/A - still employed,Production       ,Production Manager,54,Janet King,Employee Referral,Fully Meets,1307060077,Active,TRUE
"Hogland, Jonathan",MA,1890,01/07/1972 00:00,45,Male,Married,US Citizen,No,White,10/01/2011 00:00,12/12/2015,attendance,Production       ,Production Manager,48.5,Janet King,Employee Referral,Fully Meets,1001944783,Terminated for Cause,FALSE
"Immediato, Walter",MA,2128,15/11/1976 00:00,41,Male,Married,US Citizen,No,Asian,21/02/2011 00:00,9/24/2012,unhappy,Production       ,Production Manager,42,Janet King,Other,Needs Improvement,1403065874,Voluntarily Terminated,FALSE
"Liebig, Ketsia",MA,2110,26/10/1981 00:00,36,Female,Married,US Citizen,No,White,30/09/2013 00:00,,N/A - still employed,Production       ,Production Manager,55,Janet King,Website Banner Ads,Exceeds,1103024679,Active,TRUE
"Miller, Brannon",MA,2045,10/08/1981 00:00,36,Male,Single,US Citizen,Yes,Hispanic,16/08/2012 00:00,,N/A - still employed,Production       ,Production Manager,53,Janet King,Internet Search,Fully Meets,1107027351,Active,TRUE
"Peterson, Ebonee",MA,2030,09/05/1977 00:00,40,Female,Married,US Citizen,No,White,25/10/2010 00:00,5/18/2016,Another position,Production       ,Production Manager,38.5,Janet King,Internet Search,Fully Meets,1402065355,Voluntarily Terminated,FALSE
"Spirea, Kelley",MA,2451,30/09/1975 00:00,42,Female,Married,US Citizen,No,White,02/10/2012 00:00,,N/A - still employed,Production       ,Production Manager,52,Janet King,Vendor Referral,Fully Meets,1102024149,Active,TRUE
"Stanley, David",MA,1803,17/12/1975 00:00,42,Male,Divorced,US Citizen,No,White,20/07/2010 00:00,,N/A - still employed,Production       ,Production Manager,53,Janet King,Monster.com,Needs Improvement,1000974650,Active,TRUE
"Sullivan, Kissy",MA,1776,28/03/1978 00:00,39,Female,Married,US Citizen,No,Black or African American,08/01/2009 00:00,,N/A - still employed,Production       ,Production Manager,55,Janet King,Billboard,Fully Meets,1405067298,Active,TRUE
"Wallace, Courtney  E",MA,2478,14/11/1955 00:00,62,Female,Married,US Citizen,No,Black or African American,26/09/2011 00:00,01/02/2012,Another position,Production       ,Production Manager,33.5,Janet King,Diversity Job Fair,Fully Meets,1410071026,Voluntarily Terminated,FALSE
"Adinolfi, Wilson  K",MA,1960,10/07/1983 00:00,34,Male,Single,US Citizen,No,White,05/07/2011 00:00,,N/A - still employed,Production       ,Production Technician I,20,Michael Albert,MBTA ads,Exceeds,1409070522,Active,TRUE
"Alagbe,Trina",MA,1886,27/09/1988 00:00,29,Female,Married,US Citizen,No,White,07/01/2008 00:00,,N/A - still employed,Production       ,Production Technician I,21,Elijiah Gray,Billboard,Fully Meets,1011022883,Active,TRUE
"Anderson, Carol",MA,2169,08/09/1989 00:00,28,Female,Divorced,US Citizen,No,White,11/07/2011 00:00,09/06/2011,return to school,Production       ,Production Technician I,16,Webster Butler,Word of Mouth,N/A- too early to review,1001417624,Voluntarily Terminated,FALSE
"Anderson, Linda",MA,1844,22/05/1977 00:00,40,Female,Single,US Citizen,No,White,09/01/2012 00:00,,N/A - still employed,Production       ,Production Technician I,23,Amy Dunn,MBTA ads,Exceptional,1304055947,Active,TRUE
"Athwal, Sam",MA,2199,18/02/1983 00:00,34,Male,widowed,US Citizen,No,White,30/09/2013 00:00,,N/A - still employed,Production       ,Production Technician I,22,Ketsia Liebig,Employee Referral,N/A- too early to review,1301052124,Active,TRUE
"Bachiochi, Linda",MA,1902,11/02/1970 00:00,47,Female,Single,US Citizen,No,Two or more races,06/07/2009 00:00,,N/A - still employed,Production       ,Production Technician I,22,Brannon Miller,Diversity Job Fair,Fully Meets,1212051409,Leave of Absence,TRUE
"Baczenski, Rachael",MA,1902,12/01/1974 00:00,44,Female,Married,US Citizen,Yes,Hispanic,10/01/2011 00:00,01/12/2011,Another position,Production       ,Production Technician I,17,David Stanley,Diversity Job Fair,N/A- too early to review,1307060083,Voluntarily Terminated,FALSE
"Barbara, Thomas",MA,2062,21/02/1974 00:00,43,Male,Married,US Citizen,Yes,Asian,02/04/2012 00:00,9/19/2012,unhappy,Production       ,Production Technician I,22,Kissy Sullivan,Diversity Job Fair,90-day meets,1312063507,Voluntarily Terminated,FALSE
"Barone, Francesco  A",MA,1810,20/07/1983 00:00,34,Male,Single,US Citizen,No,Two or more races,20/02/2012 00:00,,N/A - still employed,Production       ,Production Technician I,16.8,Kelley Spirea,Social Networks - Facebook Twitter etc,Fully Meets,1101023679,Active,TRUE
"Barton, Nader",MA,2747,15/07/1977 00:00,40,Male,Divorced,US Citizen,No,White,24/09/2012 00:00,04/06/2013,Another position,Production       ,Production Technician I,18,Michael Albert,On-line Web application,Fully Meets,1212051962,Voluntarily Terminated,FALSE
"Beatrice, Courtney",MA,1915,27/10/1970 00:00,47,Female,Single,Eligible NonCitizen,No,White,04/04/2011 00:00,,N/A - still employed,Production       ,Production Technician I,22,Elijiah Gray,Search Engine - Google Bing Yahoo,Fully Meets,1403066194,Active,TRUE
"Becker, Scott",MA,2452,06/04/1979 00:00,38,Male,Single,US Citizen,No,Asian,08/07/2013 00:00,,N/A - still employed,Production       ,Production Technician I,17,Webster Butler,MBTA ads,Fully Meets,1110029777,Leave of Absence,TRUE
"Bernstein, Sean",MA,2072,22/12/1970 00:00,47,Male,Single,US Citizen,Yes,White,02/04/2012 00:00,,N/A - still employed,Production       ,Production Technician I,16,Amy Dunn,Word of Mouth,Fully Meets,1109029366,Active,TRUE
"Biden, Lowan  M",MA,2027,27/12/1958 00:00,59,Female,Divorced,US Citizen,No,Asian,19/08/2013 00:00,,N/A - still employed,Production       ,Production Technician I,22,Ketsia Liebig,Billboard,Fully Meets,1412071844,Active,TRUE
"Billis, Helen",MA,2031,01/09/1989 00:00,28,Female,Married,US Citizen,No,White,07/07/2014 00:00,,N/A - still employed,Production       ,Production Technician I,16,Brannon Miller,Professional Society,Exceeds,1308060366,Active,TRUE
"Brill, Donna",MA,1701,24/08/1990 00:00,27,Female,Married,US Citizen,No,White,02/04/2012 00:00,6/15/2013,Another position,Production       ,Production Technician I,20,David Stanley,Search Engine - Google Bing Yahoo,Fully Meets,1406068293,Voluntarily Terminated,FALSE
"Bugali, Josephine",MA,2043,30/10/1969 00:00,48,Female,Separated,US Citizen,No,Black or African American,11/11/2013 00:00,,N/A - still employed,Production       ,Production Technician I,20,Kissy Sullivan,Diversity Job Fair,Fully Meets,1408069635,Leave of Absence,TRUE
"Carey, Michael",MA,1701,02/02/1983 00:00,34,Male,widowed,US Citizen,No,Black or African American,31/03/2014 00:00,,N/A - still employed,Production       ,Production Technician I,20,Kelley Spirea,MBTA ads,Fully Meets,1311063114,Active,TRUE
"Chace, Beatrice",MA,2763,02/01/1951 00:00,67,Female,Single,US Citizen,No,White,29/09/2014 00:00,,N/A - still employed,Production       ,Production Technician I,16,Michael Albert,Search Engine - Google Bing Yahoo,Fully Meets,1208048062,Active,TRUE
"Chan, Lin",MA,2170,12/02/1979 00:00,38,Female,Single,US Citizen,No,White,12/05/2014 00:00,,N/A - still employed,Production       ,Production Technician I,19.5,Elijiah Gray,Internet Search,Fully Meets,1305057282,Active,TRUE
"Chang, Donovan  E",MA,1845,24/08/1983 00:00,34,Male,Single,US Citizen,No,White,08/07/2013 00:00,,N/A - still employed,Production       ,Production Technician I,22,Webster Butler,Newspager/Magazine,Fully Meets,1111030129,Active,TRUE
"Chivukula, Enola",MA,1775,27/08/1983 00:00,34,Female,Single,US Citizen,No,White,27/06/2011 00:00,11/15/2015,relocation out of area,Production       ,Production Technician I,21,Amy Dunn,Other,90-day meets,1101023394,Voluntarily Terminated,FALSE
"Cierpiszewski, Caroline",MA,2044,31/05/1988 00:00,29,Female,Single,Non-Citizen,No,Black or African American,03/10/2011 00:00,,N/A - still employed,Production       ,Production Technician I,22,Ketsia Liebig,Pay Per Click - Google,Fully Meets,1012023295,Active,TRUE
"Cockel, James",MA,2452,08/09/1977 00:00,40,Male,Single,US Citizen,No,White,08/07/2013 00:00,,N/A - still employed,Production       ,Production Technician I,15,David Stanley,Employee Referral,Fully Meets,1599991009,Active,TRUE
"Cole, Spencer",MA,1880,12/08/1979 00:00,38,Male,Single,US Citizen,No,Black or African American,11/07/2011 00:00,9/23/2012,performance,Production       ,Production Technician I,15,Kissy Sullivan,MBTA ads,Needs Improvement,1001450968,Terminated for Cause,FALSE
"Cornett, Lisa",MA,2189,31/03/1977 00:00,40,Female,Married,US Citizen,Yes,White,05/01/2015 00:00,,N/A - still employed,Production       ,Production Technician I,15.8,Kelley Spirea,Billboard,90-day meets,1403066069,Active,TRUE
"Crimmings,   Jean",MA,1821,10/04/1987 00:00,30,Female,Single,US Citizen,No,White,06/07/2016 00:00,,N/A - Has not started yet,Production       ,Production Technician I,19.8,Michael Albert,Newspager/Magazine,N/A- too early to review,1311063172,Future Start,TRUE
"Darson, Jene'ya",MA,2110,05/11/1978 00:00,39,Female,Married,US Citizen,No,White,02/07/2012 00:00,,N/A - still employed,Production       ,Production Technician I,15,Elijiah Gray,Billboard,Fully Meets,1001109612,Active,TRUE
"DeGweck,  James",MA,1810,31/10/1977 00:00,40,Male,Married,US Citizen,No,White,16/05/2011 00:00,06/08/2015,unhappy,Production       ,Production Technician I,23.5,Webster Butler,Billboard,Fully Meets,1306058816,Voluntarily Terminated,FALSE
"Desimone, Carl",MA,2061,19/04/1967 00:00,50,Male,Married,US Citizen,No,White,07/07/2014 00:00,,N/A - still employed,Production       ,Production Technician I,20,Amy Dunn,Professional Society,PIP,1501072124,Active,TRUE
"Dickinson, Geoff",MA,2180,15/11/1982 00:00,35,Male,Single,US Citizen,No,White,12/05/2014 00:00,,N/A - still employed,Production       ,Production Technician I,21,Ketsia Liebig,Pay Per Click - Google,Fully Meets,706006285,Active,TRUE
"DiNocco, Lily",MA,2351,02/12/1978 00:00,39,Female,Married,US Citizen,No,Black or African American,07/01/2013 00:00,,N/A - still employed,Production       ,Production Technician I,22,Brannon Miller,Pay Per Click - Google,Needs Improvement,1209048696,Active,TRUE
"Dobrin, Denisa  S",MA,2125,07/10/1986 00:00,31,Female,Single,US Citizen,Yes,White,02/04/2012 00:00,,N/A - still employed,Production       ,Production Technician I,16.8,David Stanley,Monster.com,Fully Meets,1202031618,Active,TRUE
"Eaton, Marianne",MA,2343,05/09/1991 00:00,26,Female,Married,US Citizen,No,White,04/04/2011 00:00,06/06/2013,military,Production       ,Production Technician I,17,Kissy Sullivan,Search Engine - Google Bing Yahoo,Fully Meets,1406067865,Voluntarily Terminated,FALSE
"Engdahl, Jean",MA,2026,31/05/1974 00:00,43,Male,Single,US Citizen,No,White,10/11/2014 00:00,,N/A - still employed,Production       ,Production Technician I,21.3,Kelley Spirea,MBTA ads,Fully Meets,1007020403,Active,TRUE
"England, Rex",MA,2045,25/08/1978 00:00,39,Male,Married,US Citizen,No,White,31/03/2014 00:00,,N/A - still employed,Production       ,Production Technician I,21,Kelley Spirea,Employee Referral,90-day meets,1101023612,Active,TRUE
"Estremera, Miguel",MA,2129,02/09/1983 00:00,34,Male,Single,US Citizen,No,White,02/04/2012 00:00,9/27/2014,attendance,Production       ,Production Technician I,17,Michael Albert,Word of Mouth,Needs Improvement,1104025243,Terminated for Cause,FALSE
"Evensen, April",MA,2458,06/05/1989 00:00,28,Female,Single,US Citizen,No,White,17/02/2014 00:00,2/25/2014,"no-call, no-show",Production       ,Production Technician I,18,Elijiah Gray,Word of Mouth,N/A- too early to review,1107027392,Terminated for Cause,FALSE
"Ferguson, Susan",MA,2176,14/04/1955 00:00,62,Female,Married,US Citizen,No,White,07/11/2011 00:00,5/17/2014,military,Production       ,Production Technician I,20,Webster Butler,Search Engine - Google Bing Yahoo,Fully Meets,1502072511,Voluntarily Terminated,FALSE
"Fernandes, Nilson",MA,2132,18/10/1989 00:00,28,Male,Married,US Citizen,No,White,11/05/2015 00:00,,N/A - still employed,Production       ,Production Technician I,18,Amy Dunn,Professional Society,N/A- too early to review,1302053339,Active,TRUE
"Ferreira, Violeta",MA,2176,10/06/1986 00:00,31,Female,Single,US Citizen,No,White,20/02/2012 00:00,,N/A - still employed,Production       ,Production Technician I,23,Ketsia Liebig,Newspager/Magazine,Fully Meets,803009012,Active,TRUE
"Fidelia,  Libby",MA,2155,16/03/1981 00:00,36,Female,Married,US Citizen,No,White,09/01/2012 00:00,,N/A - still employed,Production       ,Production Technician I,24,Brannon Miller,Social Networks - Facebook Twitter etc,Fully Meets,1006020020,Active,TRUE
"Garcia, Raul",MA,1905,15/09/1985 00:00,32,Male,Single,US Citizen,Yes,White,30/03/2015 00:00,,N/A - still employed,Production       ,Production Technician I,19,David Stanley,Employee Referral,N/A- too early to review,1309061015,Active,TRUE
"Garneau, Hamish",MA,1550,18/04/1980 00:00,37,Male,Single,US Citizen,No,Asian,08/07/2013 00:00,,N/A - still employed,Production       ,Production Technician I,18,Kissy Sullivan,Professional Society,Fully Meets,1104025414,Active,TRUE
"Gaul, Barbara",MA,2121,02/12/1983 00:00,34,Female,widowed,US Citizen,Yes,Black or African American,16/05/2011 00:00,,N/A - still employed,Production       ,Production Technician I,24,Kelley Spirea,MBTA ads,Fully Meets,1105026041,Active,TRUE
"Gentry, Mildred",MA,2145,01/10/1990 00:00,27,Female,Married,US Citizen,No,Black or African American,30/03/2015 00:00,,N/A - still employed,Production       ,Production Technician I,19,Michael Albert,Professional Society,N/A- too early to review,1501072192,Active,TRUE
"Gerke, Melisa",MA,2330,15/05/1970 00:00,47,Female,Divorced,US Citizen,No,White,07/11/2011 00:00,11/15/2011,hours,Production       ,Production Technician I,22,Elijiah Gray,Diversity Job Fair,N/A- too early to review,1308060622,Voluntarily Terminated,FALSE
"Gilles, Alex",MA,2062,09/08/1974 00:00,43,Male,Married,US Citizen,No,Black or African American,02/04/2012 00:00,6/25/2015,military,Production       ,Production Technician I,15,Webster Butler,Diversity Job Fair,Needs Improvement,1008020960,Voluntarily Terminated,FALSE
"Girifalco, Evelyn",MA,2451,08/05/1980 00:00,37,Female,Single,US Citizen,Yes,Two or more races,29/09/2014 00:00,,N/A - still employed,Production       ,Production Technician I,16,Amy Dunn,Professional Society,Exceeds,1204032927,Active,TRUE
"Gold, Shenice",MA,2451,18/06/1992 00:00,25,Female,Single,US Citizen,Yes,White,11/11/2013 00:00,,N/A - still employed,Production       ,Production Technician I,17,Ketsia Liebig,Glassdoor,Fully Meets,1408069539,Active,TRUE
"Gonzalez, Cayo",MA,2108,29/09/1969 00:00,48,Male,Divorced,US Citizen,No,American Indian or Alaska Native,11/07/2011 00:00,,N/A - still employed,Production       ,Production Technician I,16,Brannon Miller,Diversity Job Fair,Exceeds,1411071212,Active,TRUE
"Gordon, David",MA,2169,21/05/1979 00:00,38,Male,Married,US Citizen,No,White,02/07/2012 00:00,,N/A - still employed,Production       ,Production Technician I,15,David Stanley,MBTA ads,Fully Meets,1106026579,Active,TRUE
"Goyal, Roxana",MA,1864,09/10/1974 00:00,43,Female,Married,US Citizen,No,Asian,19/08/2013 00:00,,N/A - still employed,Production       ,Production Technician I,24,Kissy Sullivan,On-campus Recruiting,Fully Meets,1312063675,Leave of Absence,TRUE
"Gross, Paula",MA,2176,21/05/1983 00:00,34,Female,Divorced,US Citizen,No,White,21/02/2011 00:00,01/11/2014,more money,Production       ,Production Technician I,14,Kelley Spirea,Monster.com,Fully Meets,1103024859,Voluntarily Terminated,FALSE
"Handschiegl, Joanne",MA,2127,23/03/1977 00:00,40,Female,Married,US Citizen,No,White,28/11/2011 00:00,,N/A - still employed,Production       ,Production Technician I,24,Michael Albert,Word of Mouth,Fully Meets,1405067064,Active,TRUE
"Harrell, Ludwick",MA,1776,02/09/1982 00:00,35,Male,Married,US Citizen,No,Asian,14/05/2012 00:00,,N/A - still employed,Production       ,Production Technician I,21,Elijiah Gray,Search Engine - Google Bing Yahoo,Fully Meets,1406068241,Active,TRUE
"Harrington, Christie",MA,2324,18/08/1952 00:00,65,Female,Single,US Citizen,No,White,09/01/2012 00:00,12/15/2015,retiring,Production       ,Production Technician I,19.8,Webster Butler,Monster.com,Fully Meets,1110029602,Voluntarily Terminated,FALSE
"Harrison, Kara",MA,1886,02/05/1974 00:00,43,Female,Married,US Citizen,No,White,12/05/2014 00:00,,N/A - still employed,Production       ,Production Technician I,20,Amy Dunn,Monster.com,Exceeds,1404066622,Active,TRUE
"Heitzman, Anthony",MA,2149,04/01/1984 00:00,34,Male,Single,US Citizen,No,White,13/08/2012 00:00,,N/A - still employed,Production       ,Production Technician I,19,Ketsia Liebig,Social Networks - Facebook Twitter etc,90-day meets,1002017900,Active,TRUE
"Ivey, Rose",MA,1775,28/01/1991 00:00,27,Female,Single,US Citizen,No,White,19/08/2013 00:00,,N/A - still employed,Production       ,Production Technician I,16,Brannon Miller,Professional Society,Fully Meets,1408069882,Active,TRUE
"Jackson, Maryellen",MA,2081,11/09/1972 00:00,45,Female,Separated,US Citizen,No,White,05/11/2012 00:00,,N/A - still employed,Production       ,Production Technician I,20,David Stanley,Newspager/Magazine,Fully Meets,1201031438,Active,TRUE
"Jacobi, Hannah",MA,1778,22/03/1966 00:00,51,Female,Divorced,US Citizen,No,White,30/09/2013 00:00,,N/A - still employed,Production       ,Production Technician I,21,Kissy Sullivan,Employee Referral,Fully Meets,1503072857,Active,TRUE
"Jhaveri, Sneha",MA,2109,13/04/1964 00:00,53,Female,Separated,US Citizen,No,White,06/01/2014 00:00,,N/A - still employed,Production       ,Production Technician I,19,Kelley Spirea,On-campus Recruiting,Fully Meets,1412071713,Active,TRUE
"Johnson, George",MA,2445,19/08/1959 00:00,58,Male,Married,US Citizen,No,White,07/11/2011 00:00,4/29/2016,more money,Production       ,Production Technician I,17,Michael Albert,Monster.com,Exceeds,1105025721,Voluntarily Terminated,FALSE
"Jung, Judy",MA,2446,17/04/1986 00:00,31,Female,Married,US Citizen,No,White,10/01/2011 00:00,04/01/2016,unhappy,Production       ,Production Technician I,21,Elijiah Gray,Monster.com,90-day meets,1107027450,Voluntarily Terminated,FALSE
"Keatts, Kramer",MA,1887,19/01/1976 00:00,42,Male,Single,US Citizen,No,White,30/09/2013 00:00,,N/A - still employed,Production       ,Production Technician I,19,Michael Albert,Billboard,Fully Meets,1301052462,Active,TRUE
"Kinsella, Kathleen",MA,2170,08/12/1973 00:00,44,Female,Married,US Citizen,No,White,26/09/2011 00:00,06/04/2015,more money,Production       ,Production Technician I,22,Webster Butler,Search Engine - Google Bing Yahoo,90-day meets,710007401,Voluntarily Terminated,FALSE
"Kirill, Alexandra",MA,2127,08/10/1970 00:00,47,Female,Married,US Citizen,No,White,26/09/2011 00:00,01/09/2012,more money,Production       ,Production Technician I,24,Amy Dunn,Search Engine - Google Bing Yahoo,Fully Meets,903013071,Voluntarily Terminated,FALSE
"Knapp, Bradley  J",MA,1721,10/11/1977 00:00,40,Male,Single,US Citizen,No,Black or African American,17/02/2014 00:00,,N/A - still employed,Production       ,Production Technician I,14,Ketsia Liebig,On-campus Recruiting,Fully Meets,1304055683,Active,TRUE
"Kretschmer, John",MA,1801,02/02/1980 00:00,37,Male,Married,US Citizen,No,Asian,10/01/2011 00:00,,N/A - still employed,Production       ,Production Technician I,21,Brannon Miller,Pay Per Click - Google,Fully Meets,1311062610,Active,TRUE
"Langton, Enrico",MA,2048,09/12/1986 00:00,31,Male,Married,US Citizen,No,White,09/07/2012 00:00,,N/A - still employed,Production       ,Production Technician I,17,David Stanley,Newspager/Magazine,Fully Meets,1304055987,Active,TRUE
"Leach, Dallas",MA,1810,17/01/1979 00:00,39,Female,Single,US Citizen,No,Asian,26/09/2011 00:00,8/19/2013,return to school,Production       ,Production Technician I,19,Kissy Sullivan,Monster.com,Fully Meets,1408069409,Voluntarily Terminated,FALSE
"LeBel, Jonathan  R",MA,2050,18/10/1981 00:00,36,Male,Single,US Citizen,No,White,21/02/2011 00:00,08/04/2011,attendance,Production       ,Production Technician I,15,Kelley Spirea,Social Networks - Facebook Twitter etc,90-day meets,1107027575,Terminated for Cause,FALSE
"Linares, Marilyn",MA,1886,26/03/1981 00:00,36,Female,Married,US Citizen,No,White,05/07/2011 00:00,9/26/2011,unhappy,Production       ,Production Technician I,15.3,Michael Albert,Internet Search,N/A- too early to review,1206042315,Voluntarily Terminated,FALSE
"Lydon, Allison",MA,2122,22/10/1975 00:00,42,Female,Married,US Citizen,No,Black or African American,16/02/2015 00:00,,N/A - still employed,Production       ,Production Technician I,20,Elijiah Gray,Website Banner Ads,90-day meets,1101023353,Leave of Absence,TRUE
"Lynch, Lindsay",MA,1844,14/02/1973 00:00,44,Female,Single,US Citizen,Yes,Two or more races,07/11/2011 00:00,11/14/2015,Another position,Production       ,Production Technician I,19,Webster Butler,Diversity Job Fair,Exceeds,1001138521,Voluntarily Terminated,FALSE
"MacLennan, Samuel",MA,1938,09/11/1972 00:00,45,Male,widowed,US Citizen,No,White,24/09/2012 00:00,9/26/2012,hours,Production       ,Production Technician I,15,Amy Dunn,Pay Per Click,N/A- too early to review,1201031032,Voluntarily Terminated,FALSE
"Mahoney, Lauren",MA,2189,07/07/1986 00:00,31,Female,Single,US Citizen,No,White,06/01/2014 00:00,,N/A - still employed,Production       ,Production Technician I,17,Ketsia Liebig,Newspager/Magazine,Fully Meets,1209049259,Active,TRUE
"Mangal, Debbie",MA,2451,07/11/1974 00:00,43,Female,Married,US Citizen,No,White,11/11/2013 00:00,,N/A - still employed,Production       ,Production Technician I,23,Brannon Miller,On-campus Recruiting,Fully Meets,1308060754,Active,TRUE
"Maurice, Shana",MA,2330,22/11/1977 00:00,40,Female,Married,US Citizen,No,White,31/05/2011 00:00,,N/A - still employed,Production       ,Production Technician I,20,David Stanley,Other,90-day meets,1401064327,Active,TRUE
"Mckenna, Sandy",MA,2184,07/01/1987 00:00,31,Female,Married,US Citizen,No,Black or African American,07/01/2013 00:00,,N/A - still employed,Production       ,Production Technician I,24,Kissy Sullivan,Monster.com,Fully Meets,909015167,Active,TRUE
"Meads, Elizabeth",MA,1760,30/05/1968 00:00,49,Female,Single,US Citizen,No,Black or African American,02/04/2012 00:00,11/11/2015,Another position,Production       ,Production Technician I,14,Kelley Spirea,Diversity Job Fair,Fully Meets,1409070245,Voluntarily Terminated,FALSE
"Medeiros, Jennifer",MA,2346,22/09/1976 00:00,41,Female,Single,US Citizen,No,White,30/03/2015 00:00,,N/A - still employed,Production       ,Production Technician I,20,Michael Albert,Monster.com,N/A- too early to review,1109029256,Active,TRUE
"Motlagh,  Dawn",MA,2453,07/07/1984 00:00,33,Female,Divorced,US Citizen,No,White,01/04/2013 00:00,,N/A - still employed,Production       ,Production Technician I,15,Elijiah Gray,MBTA ads,Fully Meets,1102024121,Active,TRUE
"Ndzi, Colombui",MA,2110,02/05/1989 00:00,28,Male,Single,US Citizen,No,Black or African American,26/09/2011 00:00,04/04/2014,return to school,Production       ,Production Technician I,18,Webster Butler,Diversity Job Fair,Fully Meets,1204033041,Voluntarily Terminated,FALSE
"Ndzi, Horia",MA,2421,28/03/1983 00:00,34,Male,Married,US Citizen,No,White,01/04/2013 00:00,5/25/2016,more money,Production       ,Production Technician I,22,Amy Dunn,Employee Referral,Fully Meets,1204033041,Voluntarily Terminated,FALSE
"Newman, Richard",MA,2136,08/04/1977 00:00,40,Male,Married,US Citizen,No,White,12/05/2014 00:00,,N/A - still employed,Production       ,Production Technician I,21,Ketsia Liebig,On-campus Recruiting,Fully Meets,1302053044,Leave of Absence,TRUE
"Ngodup, Shari",MA,1810,03/06/1967 00:00,50,Female,Separated,US Citizen,No,Asian,01/04/2013 00:00,,N/A - still employed,Production       ,Production Technician I,15,Brannon Miller,Diversity Job Fair,Exceeds,1403066020,Active,TRUE
"Nguyen, Lei-Ming",MA,2132,07/07/1984 00:00,33,Female,Single,US Citizen,No,White,08/07/2013 00:00,,N/A - still employed,Production       ,Production Technician I,19,David Stanley,Vendor Referral,Fully Meets,1203032357,Active,TRUE
"O'hare, Lynn",MA,2152,30/09/1980 00:00,37,Female,widowed,US Citizen,No,Two or more races,31/03/2014 00:00,05/01/2016,performance,Production       ,Production Technician I,18.5,Kissy Sullivan,Professional Society,PIP,1206044851,Terminated for Cause,FALSE
"Osturnka, Adeel",MA,2478,11/12/1976 00:00,41,Male,Married,US Citizen,No,White,30/09/2013 00:00,,N/A - still employed,Production       ,Production Technician I,16,Kelley Spirea,On-campus Recruiting,Exceeds,1404066949,Active,TRUE
"Owad, Clinton",MA,1760,24/11/1979 00:00,38,Male,Single,US Citizen,No,Black or African American,17/02/2014 00:00,,N/A - still employed,Production       ,Production Technician I,22,Michael Albert,MBTA ads,Needs Improvement,1103024335,Active,TRUE
"Panjwani, Nina",MA,2351,01/05/1979 00:00,38,Female,Married,US Citizen,No,White,07/02/2011 00:00,01/12/2014,Another position,Production       ,Production Technician I,18,Elijiah Gray,Social Networks - Facebook Twitter etc,Fully Meets,1109029531,Voluntarily Terminated,FALSE
"Pelech, Emil",MA,2458,17/03/1988 00:00,29,Male,Single,US Citizen,No,Black or African American,10/01/2011 00:00,12/28/2012,career change,Production       ,Production Technician I,24,Webster Butler,Search Engine - Google Bing Yahoo,Needs Improvement,1307060058,Voluntarily Terminated,FALSE
"Perry, Shakira",MA,2176,20/07/1986 00:00,31,Female,Single,US Citizen,No,White,16/05/2011 00:00,10/25/2015,medical issues,Production       ,Production Technician I,22,Amy Dunn,MBTA ads,Fully Meets,1109029186,Voluntarily Terminated,FALSE
"Peterson, Kayla",MA,1749,23/09/1973 00:00,44,Female,Married,US Citizen,No,White,26/04/2010 00:00,,N/A - still employed,Production       ,Production Technician I,17,Ketsia Liebig,Search Engine - Google Bing Yahoo,Fully Meets,1307059944,Active,TRUE
"Pham, Hong",MA,2451,06/03/1988 00:00,29,Male,Married,US Citizen,No,White,05/07/2011 00:00,11/30/2012,more money,Production       ,Production Technician I,18,Brannon Miller,Search Engine - Google Bing Yahoo,Fully Meets,1305057440,Voluntarily Terminated,FALSE
"Pitt, Brad",MA,2451,23/11/1981 00:00,36,Male,Single,US Citizen,No,Black or African American,05/11/2007 00:00,,N/A - still employed,Production       ,Production Technician I,17,David Stanley,Search Engine - Google Bing Yahoo,Fully Meets,1001735072,Active,TRUE
"Power, Morissa",MA,1742,15/10/1984 00:00,33,Female,Divorced,Eligible NonCitizen,No,Asian,16/05/2011 00:00,06/04/2011,Another position,Production       ,Production Technician I,19,Kissy Sullivan,Social Networks - Facebook Twitter etc,N/A- too early to review,1102024274,Voluntarily Terminated,FALSE
"Punjabhi, Louis",MA,2109,19/06/1961 00:00,56,Male,Single,US Citizen,No,White,06/01/2014 00:00,,N/A - still employed,Production       ,Production Technician I,16,Kelley Spirea,Employee Referral,Fully Meets,1401064562,Active,TRUE
"Purinton, Janine",MA,2474,22/09/1970 00:00,47,Female,Divorced,US Citizen,No,White,24/09/2012 00:00,6/18/2013,unhappy,Production       ,Production Technician I,16,Kissy Sullivan,Billboard,Fully Meets,1011022926,Voluntarily Terminated,FALSE
"Rarrick, Quinn",MA,2478,31/12/1984 00:00,33,Male,Divorced,US Citizen,No,White,26/09/2011 00:00,04/07/2012,more money,Production       ,Production Technician I,21,Michael Albert,Pay Per Click - Google,Fully Meets,1208048229,Voluntarily Terminated,FALSE
"Rhoads, Thomas",MA,2176,22/07/1982 00:00,35,Male,Divorced,US Citizen,Yes,White,16/05/2011 00:00,1/15/2016,retiring,Production       ,Production Technician I,20,Elijiah Gray,Professional Society,Fully Meets,1211050793,Voluntarily Terminated,FALSE
"Rivera, Haley",MA,2171,12/01/1973 00:00,45,Female,Married,US Citizen,No,Asian,28/11/2011 00:00,,N/A - still employed,Production       ,Production Technician I,22,Webster Butler,Search Engine - Google Bing Yahoo,Exceeds,1405067642,Active,TRUE
"Robinson, Alain",MA,1420,07/01/1974 00:00,44,Male,Married,US Citizen,No,Black or African American,10/01/2011 00:00,1/26/2016,attendance,Production       ,Production Technician I,24,Amy Dunn,Glassdoor,Fully Meets,1206038000,Voluntarily Terminated,FALSE
"Robinson, Cherly",MA,1460,07/01/1985 00:00,33,Female,Married,US Citizen,No,White,10/01/2011 00:00,5/17/2016,attendance,Production       ,Production Technician I,16,Ketsia Liebig,Glassdoor,Needs Improvement,1403065625,Terminated for Cause,FALSE
"Robinson, Elias",MA,1730,28/01/1985 00:00,33,Male,widowed,US Citizen,No,White,08/07/2013 00:00,,N/A - still employed,Production       ,Production Technician I,17,Brannon Miller,Employee Referral,Exceptional,1011022887,Active,TRUE
"Rose, Ashley",MA,1886,05/12/1974 00:00,43,Female,Separated,US Citizen,No,White,06/01/2014 00:00,,N/A - still employed,Production       ,Production Technician I,17,David Stanley,Website Banner Ads,Fully Meets,710007555,Active,TRUE
"Rossetti, Bruno",MA,2155,18/03/1987 00:00,30,Male,Single,US Citizen,No,White,04/04/2011 00:00,8/13/2012,Another position,Production       ,Production Technician I,18,Kissy Sullivan,Search Engine - Google Bing Yahoo,Fully Meets,1405067492,Voluntarily Terminated,FALSE
"Saar-Beckles, Melinda",MA,1801,06/06/1968 00:00,49,Female,Single,US Citizen,No,Black or African American,04/07/2016 00:00,,N/A - Has not started yet,Production       ,Production Technician I,20,Kelley Spirea,Diversity Job Fair,N/A- too early to review,1410070998,Future Start,TRUE
"Sadki, Nore",MA,2148,21/12/1974 00:00,43,Male,Single,US Citizen,No,White,05/01/2009 00:00,7/30/2010,relocation out of area,Production       ,Production Technician I,21,Michael Albert,Word of Mouth,Fully Meets,1308060535,Voluntarily Terminated,FALSE
"Sander, Kamrin",MA,2154,10/07/1988 00:00,29,Female,Married,US Citizen,No,Black or African American,29/09/2014 00:00,,N/A - still employed,Production       ,Production Technician I,21,Elijiah Gray,On-campus Recruiting,Fully Meets,1302053362,Active,TRUE
"Sewkumar, Nori",MA,2191,10/03/1975 00:00,42,Female,Single,US Citizen,No,Asian,30/09/2013 00:00,,N/A - still employed,Production       ,Production Technician I,15.2,Webster Butler,Search Engine - Google Bing Yahoo,Fully Meets,807010161,Leave of Absence,TRUE
"Shields, Seffi",MA,2149,24/08/1985 00:00,32,Female,Married,US Citizen,No,White,19/08/2013 00:00,,N/A - still employed,Production       ,Production Technician I,15,Amy Dunn,Newspager/Magazine,Fully Meets,1205033102,Active,TRUE
"Smith, Sade",MA,2130,02/02/1965 00:00,53,Female,Single,US Citizen,No,White,11/11/2013 00:00,,N/A - still employed,Production       ,Production Technician I,24.5,Ketsia Liebig,Employee Referral,Fully Meets,1501071909,Active,TRUE
"Sparks, Taylor",MA,2093,20/07/1968 00:00,49,Female,Married,US Citizen,No,White,20/02/2012 00:00,,N/A - still employed,Production       ,Production Technician I,16,Brannon Miller,Billboard,PIP,1410071137,Active,TRUE
"Squatrito, Kristen",MA,2359,26/03/1973 00:00,44,Female,Divorced,US Citizen,No,White,13/05/2013 00:00,6/29/2015,unhappy,Production       ,Production Technician I,21,David Stanley,MBTA ads,Exceeds,1405067138,Voluntarily Terminated,FALSE
"Stanford,Barbara  M",MA,2050,25/08/1982 00:00,35,Female,Divorced,US Citizen,No,Two or more races,10/01/2011 00:00,,N/A - still employed,Production       ,Production Technician I,14,Kissy Sullivan,Word of Mouth,Fully Meets,1111030244,Active,TRUE
"Stoica, Rick",MA,2301,14/03/1985 00:00,32,Male,Married,US Citizen,No,Asian,17/02/2014 00:00,,N/A - still employed,Production       ,Production Technician I,22,Kelley Spirea,On-campus Recruiting,Fully Meets,1106026896,Active,TRUE
"Sullivan, Timothy",MA,2747,07/10/1982 00:00,35,Male,Married,US Citizen,Yes,White,05/01/2015 00:00,,N/A - still employed,Production       ,Production Technician I,19,Michael Albert,Word of Mouth,90-day meets,1201031310,Active,TRUE
"Sutwell, Barbara",MA,2718,15/08/1968 00:00,49,Female,Single,Eligible NonCitizen,No,Asian,14/05/2012 00:00,,N/A - still employed,Production       ,Production Technician I,14,Elijiah Gray,Glassdoor,Fully Meets,1407069061,Active,TRUE
"Tavares, Desiree",MA,1801,03/04/1975 00:00,42,Female,Married,Non-Citizen,No,Two or more races,27/04/2009 00:00,04/01/2013,Another position,Production       ,Production Technician I,15,Webster Butler,Diversity Job Fair,Fully Meets,1405067501,Voluntarily Terminated,FALSE
"Theamstern, Sophia",MA,2066,09/05/1965 00:00,52,Female,Single,US Citizen,No,White,05/07/2011 00:00,09/05/2011,return to school,Production       ,Production Technician I,20,Amy Dunn,Billboard,N/A- too early to review,1404066739,Voluntarily Terminated,FALSE
"Tinto, Theresa",MA,1876,30/07/1983 00:00,34,Female,Divorced,US Citizen,No,White,10/01/2011 00:00,5/14/2011,Another position,Production       ,Production Technician I,20,Ketsia Liebig,Social Networks - Facebook Twitter etc,90-day meets,1103024504,Voluntarily Terminated,FALSE
"Tippett, Jeanette",MA,2093,05/06/1967 00:00,50,Female,Divorced,US Citizen,No,Black or African American,18/02/2013 00:00,,N/A - still employed,Production       ,Production Technician I,24,Brannon Miller,Billboard,Fully Meets,1409070255,Active,TRUE
"Trang, Mei",MA,2021,16/05/1983 00:00,34,Female,Single,US Citizen,No,White,17/02/2014 00:00,,N/A - still employed,Production       ,Production Technician I,22,David Stanley,Professional Society,N/A- too early to review,1012023152,Active,TRUE
"Veera, Abdellah",MA,2171,31/01/1987 00:00,30,Male,Divorced,US Citizen,No,White,13/08/2012 00:00,02/05/2016,maternity leave - did not return,Production       ,Production Technician I,19,Kissy Sullivan,Information Session,Exceeds,1203032235,Voluntarily Terminated,FALSE
"Volk, Colleen",MA,2747,03/06/1986 00:00,31,Female,Married,US Citizen,No,White,26/09/2011 00:00,02/08/2016,gross misconduct,Production       ,Production Technician I,21,Kelley Spirea,Social Networks - Facebook Twitter etc,Exceeds,1011022814,Terminated for Cause,FALSE
"Von Massenbach, Anna",MA,2124,06/04/1985 00:00,32,Female,Single,US Citizen,No,White,05/07/2015 00:00,,N/A - Has not started yet,Production       ,Production Technician I,20,Michael Albert,Newspager/Magazine,N/A- too early to review,1106026474,Future Start,TRUE
"Wallace, Theresa",MA,1887,02/08/1980 00:00,37,Female,Single,US Citizen,No,White,13/08/2012 00:00,09/01/2015,career change,Production       ,Production Technician I,15,Elijiah Gray,Monster.com,Needs Improvement,1101023619,Voluntarily Terminated,FALSE
"Whittier, Scott",MA,2030,24/05/1987 00:00,30,Male,Single,US Citizen,Yes,White,10/01/2011 00:00,5/15/2011,hours,Production       ,Production Technician I,23,Webster Butler,Newspager/Magazine,90-day meets,1307060212,Voluntarily Terminated,FALSE
"Wilber, Barry",MA,2324,09/09/1965 00:00,52,Male,Married,Eligible NonCitizen,No,White,16/05/2011 00:00,09/07/2015,unhappy,Production       ,Production Technician I,21,Amy Dunn,Website Banner Ads,Fully Meets,1101023839,Voluntarily Terminated,FALSE
"Williams, Jacquelyn",MA,2109,02/10/1969 00:00,48,Female,Single,US Citizen,Yes,Two or more races,09/01/2012 00:00,6/27/2015,relocation out of area,Production       ,Production Technician I,16,Ketsia Liebig,Diversity Job Fair,Fully Meets,1308060671,Voluntarily Terminated,FALSE
"Ybarra, Catherine",MA,2458,04/05/1982 00:00,35,Female,Single,US Citizen,No,Asian,02/09/2008 00:00,9/29/2015,Another position,Production       ,Production Technician I,22,Brannon Miller,Search Engine - Google Bing Yahoo,PIP,1001268402,Voluntarily Terminated,FALSE
"Zima, Colleen",MA,1730,17/08/1978 00:00,39,Female,widowed,US Citizen,No,Asian,29/09/2014 00:00,,N/A - still employed,Production       ,Production Technician I,15,David Stanley,On-campus Recruiting,Fully Meets,1211051232,Active,TRUE
"Akinkuolie, Sarah",MA,1810,19/09/1988 00:00,29,Female,Married,US Citizen,No,White,05/07/2011 00:00,9/24/2012,hours,Production       ,Production Technician II,29,Kissy Sullivan,Newspager/Magazine,90-day meets,1005019209,Voluntarily Terminated,FALSE
"Blount, Dianna",MA,2171,21/09/1990 00:00,27,Female,Single,US Citizen,No,White,04/04/2011 00:00,,N/A - still employed,Production       ,Production Technician II,27,Michael Albert,Monster.com,Needs Improvement,1403066125,Active,TRUE
"Bondwell, Betsy",MA,2210,16/01/1967 00:00,51,Female,Single,US Citizen,No,White,10/01/2011 00:00,04/04/2014,career change,Production       ,Production Technician II,26,Elijiah Gray,Search Engine - Google Bing Yahoo,90-day meets,1008021030,Voluntarily Terminated,FALSE
"Buccheri, Joseph",MA,1013,28/07/1983 00:00,34,Male,Single,US Citizen,No,White,29/09/2014 00:00,,N/A - still employed,Production       ,Production Technician II,22,Webster Butler,Word of Mouth,Fully Meets,1101023457,Active,TRUE
"Burke, Joelle",MA,2148,02/03/1980 00:00,37,Female,Single,US Citizen,No,Black or African American,05/03/2012 00:00,,N/A - still employed,Production       ,Production Technician II,25,Amy Dunn,Employee Referral,Fully Meets,1011022820,Active,TRUE
"Burkett, Benjamin",MA,1890,19/08/1977 00:00,40,Male,Married,US Citizen,No,White,04/04/2011 00:00,,N/A - still employed,Production       ,Production Technician II,26,Ketsia Liebig,Careerbuilder,Fully Meets,1301052449,Active,TRUE
"Cloninger, Jennifer",MA,1752,31/08/1981 00:00,36,Female,Married,US Citizen,No,White,16/05/2011 00:00,01/07/2013,unhappy,Production       ,Production Technician II,25,Brannon Miller,Word of Mouth,90-day meets,1012023226,Voluntarily Terminated,FALSE
"Close, Phil",MA,2169,25/11/1978 00:00,39,Male,Married,US Citizen,No,White,30/08/2010 00:00,9/26/2011,career change,Production       ,Production Technician II,26,David Stanley,Other,Fully Meets,1209048697,Voluntarily Terminated,FALSE
"Davis, Daniel",MA,2458,14/09/1979 00:00,38,Male,Single,Eligible NonCitizen,No,Two or more races,07/11/2011 00:00,,N/A - still employed,Production       ,Production Technician II,25,Kissy Sullivan,Newspager/Magazine,90-day meets,1201031274,Active,TRUE
"Demita, Carla",MA,2343,25/02/1951 00:00,66,Female,Separated,US Citizen,No,Black or African American,04/04/2011 00:00,11/04/2015,more money,Production       ,Production Technician II,29,Kelley Spirea,Search Engine - Google Bing Yahoo,Fully Meets,1104025179,Voluntarily Terminated,FALSE
"Erilus, Angela",MA,2133,25/08/1989 00:00,28,Female,Separated,US Citizen,No,White,07/07/2014 00:00,,N/A - still employed,Production       ,Production Technician II,24,Michael Albert,Pay Per Click - Google,PIP,1105025661,Active,TRUE
"Faller, Megan",MA,1824,22/09/1978 00:00,39,Female,Married,US Citizen,No,Black or African American,07/07/2014 00:00,,N/A - still employed,Production       ,Production Technician II,27,Elijiah Gray,Professional Society,Fully Meets,1108028428,Active,TRUE
"Fancett, Nicole",MA,2324,27/09/1987 00:00,30,Female,Single,US Citizen,No,Black or African American,17/02/2014 00:00,,N/A - still employed,Production       ,Production Technician II,24,Webster Butler,Newspager/Magazine,Fully Meets,1402065085,Active,TRUE
"Fitzpatrick, Michael  J",MA,2143,01/10/1981 00:00,36,Male,Single,US Citizen,Yes,White,16/05/2011 00:00,6/24/2013,hours,Production       ,Production Technician II,29,Amy Dunn,Social Networks - Facebook Twitter etc,Fully Meets,1109029103,Voluntarily Terminated,FALSE
"Foreman, Tanya",MA,2170,08/11/1983 00:00,34,Female,Married,US Citizen,No,White,04/04/2011 00:00,01/09/2012,career change,Production       ,Production Technician II,24,Ketsia Liebig,Word of Mouth,Fully Meets,1012023204,Voluntarily Terminated,FALSE
"Gonzalez, Juan",MA,2128,12/10/1964 00:00,53,Male,Married,US Citizen,No,Black or African American,26/04/2010 00:00,5/30/2011,career change,Production       ,Production Technician II,29,Brannon Miller,Diversity Job Fair,PIP,1411071324,Voluntarily Terminated,FALSE
"Good, Susan",MA,1886,25/05/1986 00:00,31,Female,Married,US Citizen,No,White,12/05/2014 00:00,,N/A - still employed,Production       ,Production Technician II,24.3,David Stanley,Professional Society,Fully Meets,1001549006,Leave of Absence,TRUE
"Gosciminski, Phylicia",MA,1824,08/12/1983 00:00,34,Female,Separated,US Citizen,No,American Indian or Alaska Native,30/09/2013 00:00,,N/A - still employed,Production       ,Production Technician II,27,Kissy Sullivan,Word of Mouth,Fully Meets,1108028351,Leave of Absence,TRUE
"Hankard, Earnest",MA,2155,10/08/1988 00:00,29,Male,Single,US Citizen,Yes,White,11/11/2013 00:00,,N/A - still employed,Production       ,Production Technician II,24,Kelley Spirea,Newspager/Magazine,Fully Meets,1307059937,Active,TRUE
"Hendrickson, Trina",MA,2021,27/08/1972 00:00,45,Female,Single,US Citizen,No,White,10/01/2011 00:00,2/18/2013,hours,Production       ,Production Technician II,24,Kelley Spirea,Monster.com,Fully Meets,1011022932,Voluntarily Terminated,FALSE
"Homberger, Adrienne  J",MA,2445,16/02/1984 00:00,33,Female,Married,Non-Citizen,No,White,15/08/2011 00:00,04/07/2012,relocation out of area,Production       ,Production Technician II,28,Michael Albert,Glassdoor,Fully Meets,1207046956,Voluntarily Terminated,FALSE
"Hunts, Julissa",MA,2021,11/03/1984 00:00,33,Female,Single,US Citizen,No,White,06/06/2016 00:00,,N/A - Has not started yet,Production       ,Production Technician II,25,Elijiah Gray,Vendor Referral,N/A- too early to review,1106026433,Future Start,TRUE
"Hutter, Rosalie",MA,2351,07/05/1992 00:00,25,Female,Separated,US Citizen,No,White,05/06/2015 00:00,,N/A - Has not started yet,Production       ,Production Technician II,28,Webster Butler,Other,N/A- too early to review,1103024924,Future Start,TRUE
"Huynh, Ming",MA,1742,22/09/1976 00:00,41,Female,Divorced,US Citizen,No,White,21/02/2011 00:00,04/01/2013,unhappy,Production       ,Production Technician II,23,Amy Dunn,Search Engine - Google Bing Yahoo,Fully Meets,1306058509,Voluntarily Terminated,FALSE
"Jeannite, Tayana",MA,1821,06/11/1986 00:00,31,Female,Divorced,US Citizen,No,American Indian or Alaska Native,05/07/2011 00:00,,N/A - still employed,Production       ,Production Technician II,22.5,Ketsia Liebig,MBTA ads,Exceeds,1008020942,Active,TRUE
"Johnston, Yen",MA,2128,08/09/1969 00:00,48,Female,Single,US Citizen,No,White,07/07/2014 00:00,,N/A - still employed,Production       ,Production Technician II,25,Brannon Miller,Professional Society,Exceptional,1306057810,Active,TRUE
"Langford, Lindsey",MA,2090,25/07/1979 00:00,38,Female,Divorced,US Citizen,No,Asian,07/01/2013 00:00,3/31/2014,Another position,Production       ,Production Technician II,22,David Stanley,Glassdoor,Fully Meets,1010022030,Voluntarily Terminated,FALSE
"Latif, Mohammed",MA,2126,09/05/1984 00:00,33,Male,Married,US Citizen,No,White,02/04/2012 00:00,4/15/2013,more money,Production       ,Production Technician II,28,Kissy Sullivan,Word of Mouth,Fully Meets,1104025486,Voluntarily Terminated,FALSE
"Linden, Mathew",MA,1770,19/03/1979 00:00,38,Male,Married,US Citizen,No,White,08/07/2013 00:00,,N/A - still employed,Production       ,Production Technician II,22,Kelley Spirea,Information Session,Fully Meets,1405067565,Leave of Absence,TRUE
"Lundy, Susan",MA,2122,26/12/1976 00:00,41,Female,widowed,US Citizen,No,White,08/07/2013 00:00,9/15/2013,more money,Production       ,Production Technician II,24,Michael Albert,On-campus Recruiting,N/A- too early to review,1305056276,Voluntarily Terminated,FALSE
"Lunquist, Lisa",MA,2324,28/03/1982 00:00,35,Female,Single,US Citizen,No,Black or African American,19/08/2013 00:00,,N/A - still employed,Production       ,Production Technician II,26.1,Elijiah Gray,Glassdoor,Exceeds,1001504432,Active,TRUE
"Manchester, Robyn",MA,2324,25/08/1976 00:00,41,Female,Married,US Citizen,No,White,11/05/2016 00:00,,N/A - Has not started yet,Production       ,Production Technician II,23,Webster Butler,Vendor Referral,N/A- too early to review,1110029623,Future Start,TRUE
"Mancuso, Karen",MA,2176,10/12/1986 00:00,31,Female,Married,US Citizen,No,Two or more races,05/07/2011 00:00,8/19/2011,Another position,Production       ,Production Technician II,23,Amy Dunn,Newspager/Magazine,N/A- too early to review,1304055986,Voluntarily Terminated,FALSE
"McCarthy, Brigit",MA,2149,21/05/1987 00:00,30,Female,Single,US Citizen,No,White,30/03/2015 00:00,,N/A - still employed,Production       ,Production Technician II,26,Ketsia Liebig,Newspager/Magazine,N/A- too early to review,1406067957,Active,TRUE
"Miller, Ned",MA,2472,29/06/1985 00:00,32,Male,Single,US Citizen,No,White,15/08/2011 00:00,09/04/2014,unhappy,Production       ,Production Technician II,25,Brannon Miller,MBTA ads,PIP,1205033439,Voluntarily Terminated,FALSE
"Monkfish, Erasumus",MA,1450,17/08/1992 00:00,25,Male,Married,US Citizen,No,White,07/11/2011 00:00,,N/A - still employed,Production       ,Production Technician II,27,David Stanley,Professional Society,Fully Meets,1404066711,Active,TRUE
"Monterro, Luisa",MA,2126,24/04/1970 00:00,47,Female,Single,US Citizen,No,Black or African American,13/05/2013 00:00,,N/A - still employed,Production       ,Production Technician II,25,Kissy Sullivan,Billboard,Exceptional,1001103149,Active,TRUE
"Moran, Patrick",MA,2127,03/12/1976 00:00,41,Male,Single,US Citizen,No,Hispanic,09/01/2012 00:00,,N/A - still employed,Production       ,Production Technician II,26,Kelley Spirea,Diversity Job Fair,Fully Meets,1408069503,Leave of Absence,TRUE
"Moumanil, Maliki",MA,1460,01/12/1974 00:00,43,Male,Separated,US Citizen,No,Black or African American,13/05/2013 00:00,,N/A - still employed,Production       ,Production Technician II,29,Michael Albert,On-campus Recruiting,Fully Meets,1301052436,Active,TRUE
"Nowlan, Kristie",MA,1040,23/11/1985 00:00,32,Female,Single,US Citizen,No,White,10/11/2014 00:00,,N/A - still employed,Production       ,Production Technician II,26.4,Elijiah Gray,Glassdoor,Fully Meets,1104025435,Active,TRUE
"Oliver, Brooke",MA,2492,11/02/1952 00:00,65,Female,Married,US Citizen,No,Asian,14/05/2012 00:00,8/19/2013,unhappy,Production       ,Production Technician II,25,Webster Butler,Newspager/Magazine,90-day meets,1001856521,Voluntarily Terminated,FALSE
"Pelletier, Ermine",MA,2472,18/07/1989 00:00,28,Female,Married,US Citizen,No,Asian,05/07/2011 00:00,9/15/2011,unhappy,Production       ,Production Technician II,28,Amy Dunn,Monster.com,N/A- too early to review,1202031821,Voluntarily Terminated,FALSE
"Peters, Lauren",MA,1886,17/08/1986 00:00,31,Female,Married,US Citizen,No,White,16/05/2011 00:00,02/04/2012,more money,Production       ,Production Technician II,29,Ketsia Liebig,Pay Per Click - Google,Exceeds,1411071406,Voluntarily Terminated,FALSE
"Petingill, Shana",MA,2050,10/03/1979 00:00,38,Female,Married,Eligible NonCitizen,No,Asian,02/04/2012 00:00,,N/A - still employed,Production       ,Production Technician II,26,Brannon Miller,MBTA ads,Fully Meets,1103024843,Active,TRUE
"Roberson, May",MA,1902,05/09/1981 00:00,36,Female,Divorced,Eligible NonCitizen,No,White,26/09/2011 00:00,10/22/2011,return to school,Production       ,Production Technician II,26,David Stanley,Search Engine - Google Bing Yahoo,N/A- too early to review,1402065340,Voluntarily Terminated,FALSE
"Robertson, Peter",MA,2138,03/07/1972 00:00,45,Male,Married,US Citizen,No,White,05/07/2011 00:00,02/08/2012,Another position,Production       ,Production Technician II,22,Kissy Sullivan,Glassdoor,Fully Meets,1499902991,Voluntarily Terminated,FALSE
"Sahoo, Adil",MA,2062,26/04/1986 00:00,31,Male,Married,US Citizen,No,White,30/08/2010 00:00,,N/A - still employed,Production       ,Production Technician II,29,Kelley Spirea,Monster.com,Fully Meets,1106026462,Active,TRUE
"Sloan, Constance",MA,1851,25/11/1987 00:00,30,Female,Single,US Citizen,No,White,26/10/2009 00:00,04/08/2015,maternity leave - did not return,Production       ,Production Technician II,23,Michael Albert,Monster.com,Fully Meets,1012023103,Voluntarily Terminated,FALSE
"Smith, Joe",MA,2045,30/10/1963 00:00,54,Male,Single,US Citizen,No,White,29/09/2014 00:00,,N/A - still employed,Production       ,Production Technician II,22,Elijiah Gray,Pay Per Click - Google,Exceeds,1001970770,Active,TRUE
"Tejeda, Lenora",MA,2129,24/05/1953 00:00,64,Female,Married,US Citizen,No,White,16/05/2011 00:00,07/08/2012,Another position,Production       ,Production Technician II,28.8,Elijiah Gray,Search Engine - Google Bing Yahoo,Fully Meets,1406068345,Voluntarily Terminated,FALSE
"Thibaud, Kenneth",MA,2472,16/09/1975 00:00,42,Male,widowed,US Citizen,No,White,25/06/2007 00:00,8/30/2010,military,Production       ,Production Technician II,23,Webster Butler,Pay Per Click - Google,Fully Meets,1011022777,Voluntarily Terminated,FALSE
"Trzeciak, Cybil",MA,1778,15/03/1985 00:00,32,Female,Single,US Citizen,No,White,10/01/2011 00:00,07/02/2012,unhappy,Production       ,Production Technician II,22,Amy Dunn,Vendor Referral,Fully Meets,1107027551,Voluntarily Terminated,FALSE
"Walker, Roger",MA,2459,10/02/1976 00:00,41,Male,Single,US Citizen,No,Black or African American,18/08/2014 00:00,,N/A - still employed,Production       ,Production Technician II,22,Ketsia Liebig,Employee Referral,Fully Meets,1011022818,Active,TRUE
"Winthrop, Jordan",MA,2045,07/11/1958 00:00,59,Male,Single,US Citizen,No,White,07/01/2013 00:00,2/21/2016,retiring,Production       ,Production Technician II,29,Brannon Miller,Professional Society,Exceeds,1405067188,Voluntarily Terminated,FALSE
"Wolk, Hang  T",MA,2302,20/04/1985 00:00,32,Female,Single,US Citizen,No,White,29/09/2014 00:00,,N/A - still employed,Production       ,Production Technician II,22,David Stanley,Newspager/Magazine,Fully Meets,1205033180,Active,TRUE
"Woodson, Jason",MA,1810,11/05/1985 00:00,32,Male,Single,US Citizen,No,White,07/07/2014 00:00,,N/A - still employed,Production       ,Production Technician II,24.3,Kissy Sullivan,Vendor Referral,Fully Meets,1012023010,Active,TRUE
"Buck, Edward",MA,2330,07/07/1975 00:00,42,Male,Married,US Citizen,No,White,29/09/2014 00:00,,N/A - still employed,Sales,Area Sales Manager,55,Lynn Daneault,Employee Referral,Fully Meets,1504073313,Active,TRUE
"Bunbury, Jessica",VA,21851,01/06/1964 00:00,53,Female,Married,Eligible NonCitizen,No,Black or African American,15/08/2011 00:00,08/02/2014,Another position,Sales,Area Sales Manager,55,John Smith,Social Networks - Facebook Twitter etc,Fully Meets,1504073368,Voluntarily Terminated,FALSE
"Carter, Michelle",VT,5664,15/05/1963 00:00,54,Female,Single,US Citizen,No,White,18/08/2014 00:00,,N/A - still employed,Sales,Area Sales Manager,55,John Smith,Billboard,Fully Meets,1403065721,Active,TRUE
"Costa, Latia",CA,90007,08/11/1988 00:00,29,Female,Single,US Citizen,No,White,10/01/2011 00:00,,N/A - still employed,Sales,Area Sales Manager,55,Lynn Daneault,Other,Exceeds,1409070567,Active,TRUE
"Dietrich, Jenna",WA,98052,14/05/1987 00:00,30,Female,Single,US Citizen,Yes,White,20/02/2012 00:00,,N/A - still employed,Sales,Area Sales Manager,55,John Smith,Website Banner Ads,PIP,1408069481,Active,TRUE
"Digitale, Alfred",NH,3062,14/09/1988 00:00,29,Male,Married,US Citizen,No,American Indian or Alaska Native,18/08/2014 00:00,,N/A - still employed,Sales,Area Sales Manager,56,John Smith,Pay Per Click - Google,Fully Meets,1306059197,Active,TRUE
"Fraval, Maruk",CT,6050,28/08/1963 00:00,54,Male,Single,US Citizen,No,Black or African American,06/09/2011 00:00,,N/A - still employed,Sales,Area Sales Manager,55,Lynn Daneault,Monster.com,Fully Meets,1411071302,Active,TRUE
"Friedman, Gerry",NY,10171,24/02/1969 00:00,48,Male,Single,US Citizen,Yes,Two or more races,07/03/2011 00:00,,N/A - still employed,Sales,Area Sales Manager,55.5,John Smith,Diversity Job Fair,Fully Meets,1204032843,Active,TRUE
"Gill, Whitney",OH,43050,10/07/1971 00:00,46,Female,widowed,US Citizen,No,Black or African American,07/07/2014 00:00,09/05/2015,attendance,Sales,Area Sales Manager,55,John Smith,Monster.com,Fully Meets,1302053046,Terminated for Cause,FALSE
"Givens, Myriam",IN,46204,22/09/1989 00:00,28,Female,Single,US Citizen,No,White,16/02/2015 00:00,,N/A - still employed,Sales,Area Sales Manager,55,Lynn Daneault,Pay Per Click - Google,90-day meets,1203032099,Active,TRUE
"Gonzales, Ricardo",ID,83706,12/10/1954 00:00,63,Male,Married,US Citizen,No,White,12/05/2014 00:00,,N/A - still employed,Sales,Area Sales Manager,55.5,John Smith,Monster.com,Fully Meets,1411071481,Active,TRUE
"Guilianno, Mike",TN,37129,09/02/1969 00:00,48,Male,Single,US Citizen,No,Two or more races,07/03/2011 00:00,10/31/2014,relocation out of area,Sales,Area Sales Manager,55,John Smith,Newspager/Magazine,Fully Meets,1001167253,Voluntarily Terminated,FALSE
Jeremy Prater,NV,89139,09/05/1974 00:00,43,Male,Married,US Citizen,No,White,12/05/2014 00:00,,N/A - still employed,Sales,Area Sales Manager,56,Lynn Daneault,Website Banner Ads,PIP,1001084890,Active,TRUE
"Khemmich, Bartholemew",CO,80820,27/11/1979 00:00,38,Male,Single,US Citizen,No,White,19/08/2013 00:00,,N/A - still employed,Sales,Area Sales Manager,55,Lynn Daneault,Pay Per Click - Google,Fully Meets,1104025008,Active,TRUE
"Leruth, Giovanni",UT,84111,27/12/1988 00:00,29,Male,Separated,US Citizen,No,Black or African American,30/04/2012 00:00,,N/A - still employed,Sales,Area Sales Manager,55,John Smith,Website Banner Ads,Fully Meets,1412071660,Active,TRUE
"Martins, Joseph",TX,78207,11/06/1970 00:00,47,Male,Single,Eligible NonCitizen,No,Black or African American,14/05/2012 00:00,,N/A - still employed,Sales,Area Sales Manager,56,Lynn Daneault,Employee Referral,Fully Meets,1209048771,Active,TRUE
"McKinzie, Jac",TX,78789,01/07/1984 00:00,33,Male,Married,US Citizen,No,Two or more races,06/07/2016 00:00,,N/A - Has not started yet,Sales,Area Sales Manager,55,Lynn Daneault,Website Banner Ads,N/A- too early to review,1209049326,Future Start,TRUE
"Mullaney, Howard",AL,36006,02/11/1975 00:00,42,Male,Single,US Citizen,No,Two or more races,29/09/2014 00:00,,N/A - still employed,Sales,Area Sales Manager,55,John Smith,Internet Search,Needs Improvement,1306057978,Active,TRUE
"Nguyen, Dheepa",GA,30428,31/03/1989 00:00,28,Female,Single,US Citizen,No,Two or more races,08/07/2013 00:00,,N/A - still employed,Sales,Area Sales Manager,55,Lynn Daneault,Pay Per Click - Google,Fully Meets,1111030684,Active,TRUE
"Onque, Jasmine",FL,33174,11/05/1990 00:00,27,Female,Single,US Citizen,Yes,White,30/09/2013 00:00,,N/A - still employed,Sales,Area Sales Manager,57,Lynn Daneault,Pay Per Click - Google,Fully Meets,1501072180,Active,TRUE
"Ozark, Travis",NC,27229,19/05/1982 00:00,35,Male,Single,US Citizen,No,White,05/01/2015 00:00,,N/A - still employed,Sales,Area Sales Manager,55,John Smith,Website Banner Ads,90-day meets,812011761,Active,TRUE
"Potts, Xana",KY,40220,29/08/1988 00:00,29,Female,Married,US Citizen,No,Black or African American,09/01/2012 00:00,,N/A - still employed,Sales,Area Sales Manager,55,Lynn Daneault,Website Banner Ads,Fully Meets,1102024106,Active,TRUE
"Riordan, Michael",ND,58782,15/01/1968 00:00,50,Male,Separated,US Citizen,No,White,09/01/2006 00:00,,N/A - still employed,Sales,Area Sales Manager,55,Lynn Daneault,Billboard,Exceeds,1502072711,Active,TRUE
"Strong, Caitrin",MT,59102,12/05/1989 00:00,28,Female,Married,US Citizen,No,Black or African American,27/09/2010 00:00,,N/A - still employed,Sales,Area Sales Manager,54,John Smith,Professional Society,Fully Meets,1411071295,Active,TRUE
"Terry, Sharlene",OR,97756,07/05/1965 00:00,52,Female,Single,US Citizen,No,Black or African American,29/09/2014 00:00,,N/A - still employed,Sales,Area Sales Manager,55,Lynn Daneault,Monster.com,Fully Meets,1401064637,Active,TRUE
"Valentin,Jackie",AZ,85006,23/05/1991 00:00,26,Female,Married,US Citizen,No,Two or more races,05/07/2011 00:00,,N/A - still employed,Sales,Area Sales Manager,55,John Smith,Other,Fully Meets,1312063714,Active,TRUE
"Villanueva, Noah",ME,4063,11/07/1989 00:00,28,Male,Single,US Citizen,No,Asian,05/03/2012 00:00,,N/A - still employed,Sales,Area Sales Manager,56,John Smith,Website Banner Ads,Fully Meets,1111030503,Active,TRUE
"Houlihan, Debra",RI,2908,17/03/1966 00:00,51,Female,Married,US Citizen,No,White,05/05/2014 00:00,,N/A - still employed,Sales,Director of Sales,60,Janet King,MBTA ads,Fully Meets,1009021646,Active,TRUE
"Daneault, Lynn",VT,5473,19/04/1990 00:00,27,Female,Single,US Citizen,No,White,05/05/2014 00:00,,N/A - still employed,Sales,Sales Manager,54,Debra Houlihan,Pay Per Click - Google,Fully Meets,1402065303,Active,TRUE
"Kampew, Donysha",PA,19444,11/11/1989 00:00,28,Female,Single,US Citizen,No,White,07/11/2011 00:00,4/24/2014,maternity leave - did not return,Sales,Sales Manager,60.3,Debra Houlihan,Social Networks - Facebook Twitter etc,Fully Meets,1109029264,Voluntarily Terminated,FALSE
"Smith, John",MA,1886,16/08/1984 00:00,33,Male,Divorced,US Citizen,No,Black or African American,18/05/2014 00:00,,N/A - still employed,Sales,Sales Manager,56,Debra Houlihan,Diversity Job Fair,Needs Improvement,1499902910,Active,TRUE
"Andreola, Colby",MA,2110,24/05/1979 00:00,38,Female,Single,US Citizen,No,White,10/11/2014 00:00,,N/A - still employed,Software Engineering,Software Engineer,47.6,Alex Sweetwater,Vendor Referral,Fully Meets,1107027358,Active,TRUE
"Carabbio, Judith",MA,2132,05/04/1987 00:00,30,Female,Single,US Citizen,No,White,11/11/2013 00:00,,N/A - still employed,Software Engineering,Software Engineer,56,Alex Sweetwater,Pay Per Click - Google,90-day meets,1101023577,Active,TRUE
"Del Bosque, Keyla",MA,2176,05/07/1979 00:00,38,Female,Single,US Citizen,No,Black or African American,09/01/2012 00:00,,N/A - still employed,Software Engineering,Software Engineer,57.1,Alex Sweetwater,Monster.com,90-day meets,1203032498,Active,TRUE
"Exantus, Susan",MA,1749,15/05/1987 00:00,30,Female,Married,US Citizen,No,Black or African American,02/05/2011 00:00,06/05/2013,attendance,Software Engineering,Software Engineer,48.5,Alex Sweetwater,Billboard,Needs Improvement,1401064670,Terminated for Cause,FALSE
"Martin, Sandra",MA,2135,07/11/1987 00:00,30,Female,Separated,US Citizen,No,Asian,11/11/2013 00:00,,N/A - still employed,Software Engineering,Software Engineer,55.5,Alex Sweetwater,Search Engine - Google Bing Yahoo,Fully Meets,1303054625,Active,TRUE
"Patronick, Luke",MA,1844,20/02/1979 00:00,38,Male,Single,US Citizen,No,Asian,07/11/2011 00:00,09/07/2015,Another position,Software Engineering,Software Engineer,52.3,Alex Sweetwater,Diversity Job Fair,Exceeds,1112030979,Voluntarily Terminated,FALSE
"Saada, Adell",MA,2132,24/07/1986 00:00,31,Female,Married,US Citizen,No,White,05/11/2012 00:00,,N/A - still employed,Software Engineering,Software Engineer,49.3,Alex Sweetwater,Pay Per Click - Google,Fully Meets,1012023185,Active,TRUE
"Szabo, Andrew",MA,2140,06/05/1983 00:00,34,Male,Single,US Citizen,No,White,07/07/2014 00:00,,N/A - still employed,Software Engineering,Software Engineer,48,Alex Sweetwater,MBTA ads,Exceptional,1201031324,Active,TRUE
"True, Edward",MA,2451,14/06/1983 00:00,34,Male,Single,Non-Citizen,No,Black or African American,18/02/2013 00:00,4/15/2014,medical issues,Software Engineering,Software Engineer,45.4,Alex Sweetwater,Diversity Job Fair,Fully Meets,1102024057,Voluntarily Terminated,FALSE
"Sweetwater, Alex",MA,2184,22/11/1966 00:00,51,Male,Single,US Citizen,No,White,15/08/2011 00:00,,N/A - still employed,Software Engineering     ,Software Engineering Manager,27,Jennifer Zamora,Search Engine - Google Bing Yahoo,Fully Meets,1001644719,Active,TRUE
